{
  "Component.js.map": 1698053948908,
  "test/integration/pages/RisksList.js": 1697789339000,
  "test/integration/pages/RisksObjectPage.js": 1697789339000,
  "test/integration/opaTests.qunit.js": 1697789339000,
  "test/integration/FirstJourney.js": 1697789339000,
  "test/testsuite.qunit.js": 1697789339000,
  "xs-app.json": 1698053936556,
  "manifest.json": 1698053936556,
  "Component.js": 1697789339000,
  "test/integration/pages/RisksObjectPage-dbg.js": 1697789339000,
  "test/integration/pages/RisksObjectPage.js.map": 1698053948904,
  "test/integration/pages/RisksList-dbg.js": 1697789339000,
  "test/integration/pages/RisksList.js.map": 1698053948916,
  "test/integration/opaTests.qunit-dbg.js": 1697789339000,
  "test/integration/opaTests.qunit.js.map": 1698053948909,
  "test/integration/FirstJourney-dbg.js": 1697789339000,
  "test/integration/FirstJourney.js.map": 1698053948904,
  "test/testsuite.qunit-dbg.js": 1697789339000,
  "test/testsuite.qunit.js.map": 1698053948908,
  "Component-dbg.js": 1697789339000,
  "i18n/i18n.properties": 1697789392000,
  "Component-preload.js": 1698053949016,
  "Component-preload.js.map": 1698053949016,
  "test/integration/opaTests.qunit.html": 1697789339000,
  "test/testsuite.qunit.html": 1697789339000,
  "test/flpSandbox.html": 1697789339000,
  "localService/metadata.xml": 1697789339000,
  "index.html": 1697789339000
}