{
  "test/integration/opaTests.qunit-dbg.js": 1697789339000,
  "xs-app.json": 1698054296763,
  "test/integration/pages/RisksList.js": 1697789339000,
  "test/integration/opaTests.qunit.js": 1697789339000,
  "test/integration/FirstJourney.js": 1697789339000,
  "test/testsuite.qunit.js": 1697789339000,
  "test/integration/pages/RisksObjectPage.js": 1697789339000,
  "manifest.json": 1698054296783,
  "Component.js": 1697789339000,
  "i18n/i18n.properties": 1697789392000,
  "test/integration/opaTests.qunit.js.map": 1698054309375,
  "test/integration/pages/RisksList-dbg.js": 1697789339000,
  "test/integration/pages/RisksList.js.map": 1698054309350,
  "test/integration/FirstJourney-dbg.js": 1697789339000,
  "test/integration/FirstJourney.js.map": 1698054309362,
  "test/testsuite.qunit-dbg.js": 1697789339000,
  "test/testsuite.qunit.js.map": 1698054309361,
  "test/integration/pages/RisksObjectPage-dbg.js": 1697789339000,
  "test/integration/pages/RisksObjectPage.js.map": 1698054309355,
  "Component-dbg.js": 1697789339000,
  "Component.js.map": 1698054309361,
  "Component-preload.js": 1698054309533,
  "Component-preload.js.map": 1698054309533,
  "test/integration/opaTests.qunit.html": 1697789339000,
  "test/testsuite.qunit.html": 1697789339000,
  "test/flpSandbox.html": 1697789339000,
  "localService/metadata.xml": 1697789339000,
  "index.html": 1697789339000
}